mutant,DMS_score
M0Y,0.273
M0W,0.2857
M0V,0.2153
M0T,0.3122
M0S,0.218
M0R,0.2805
M0Q,0.2753
M0P,0.2605
M0N,0.2592
M0A,0.2354
M0K,0.2805
M0I,0.2276
M0H,0.273
M0G,0.2483
M0F,0.2573
M0E,0.2592
M0D,0.27
M0C,0.273
M0L,0.3651
M48P,0.1171
M48Q,0.3768
M48V,0.3738
M48S,0.0904
M48T,0.166
M48N,0.0225
M48R,0.134
M48L,0.4097
M48F,0.3751
M48H,0.3662
M48G,0.2201
M48E,0.2731
M48D,0.3015
M48C,0.4115
M48A,0.2485
M48W,0.4529
M48I,0.6191
M48K,0.3917
M48Y,0.4115
P87C,0.4261
P87A,0.6159
P87W,0.7517
P87V,0.3138
P87T,0.1696
P87S,0.6202
P87R,0.5142
P87Q,0.3055
P87N,0.3603
P87M,0.1416
P87Y,0.3137
P87L,0.3829999999999999
P87K,0.3333
P87I,0.3917
P87H,0.1324
P87G,0.149
P87F,0.6205
P87E,0.474
P87D,0.8941
L88C,0.2164
L88D,0.1513
L88E,0.319
L88F,0.514
L88G,0.1979
L88H,0.1673
L88I,0.4583
L88K,0.159
L88Q,0.5777
L88N,0.4648
L88P,0.2923
L88A,0.6579999999999999
L88R,0.2766
L88S,0.0772
L88T,0.4128
L88V,0.3855
L88W,0.7046
L88M,0.1198
L88Y,0.263
Y89W,0.9423
Y89C,0.4809
Y89T,0.4527
Y89S,0.3304
Y89R,0.2986
Y89Q,0.5336
Y89P,0.4408
Y89N,0.354
Y89M,0.1042
Y89L,0.4725
Y89K,0.4958
Y89I,0.2555
Y89H,0.529
Y89G,0.3926
Y89F,0.9833
Y89E,0.3951
Y89D,0.6322
Y89A,0.3063
Y89V,0.4976
A112C,0.5222
A112R,0.2654
A112Y,0.5592
A112W,0.0526
A112V,0.5331
A112T,0.6482
A112S,0.3823
A112Q,0.2126
A112P,0.9499
A112M,0.0478
A112N,0.2763
A112K,0.2386
A112I,0.1906
A112H,0.0481
A112G,0.957
A112F,0.141
A112E,0.1018
A112D,0.4913
A112L,0.0851
H126S,0.407
H126Q,0.2139
H126R,0.3807
H126T,0.3866
H126A,0.034
H126W,0.2386
H126Y,0.3927
H126P,0.9594
H126V,0.0256
H126N,0.3987
H126G,0.0676
H126L,0.0247
H126K,0.2519
H126I,0.3491
H126F,0.0316
H126E,0.0727
H126D,0.1107
H126C,0.3444
H126M,0.2012
L141I,0.4814
L141H,0.1509
L141G,0.5436
L141F,0.2347
L141A,0.2366
L141D,0.5197
L141C,0.2283
L141K,0.7661
L141E,0.1155
L141M,0.4642
L141Y,0.3807
L141P,0.5106
L141Q,0.2776
L141R,0.1134
L141S,0.0486
L141T,0.3312
L141V,0.3744
L141W,0.5594
L141N,0.2956
G148A,0.195
G148C,0.0554
G148D,0.4307
G148E,0.4873
G148F,0.1149
G148H,0.265
G148I,0.3613
G148K,0.2476
G148L,0.0316
G148N,0.2779
G148P,0.0855
G148Q,0.1204
G148R,0.2958
G148S,0.2305
G148T,0.2476
G148V,0.0427
G148W,0.1549
G148M,0.2023
G148Y,0.1956
N151M,0.096
N151P,0.0833
N151Q,0.231
N151R,0.1569
N151Y,0.2924
N151V,0.2358
N151W,0.2668
N151S,0.4742
N151L,0.1495
N151T,0.1533
N151I,0.4008
N151H,0.1215
N151G,0.4166
N151F,0.0908
N151E,0.3867
N151D,0.4131
N151C,0.367
N151A,0.619
N151K,0.2638
I152Q,0.1156
I152R,0.1616
I152S,0.1235
I152Y,0.1812
I152W,0.0641
I152P,0.1005
I152T,0.4862
I152N,0.3592
I152V,0.495
I152L,0.0923
I152A,0.1842
I152C,0.3538
I152D,0.1725
I152E,0.1043
I152M,0.2539
I152G,0.0862
I152H,0.1156
I152K,0.0993
I152F,0.0859
G157W,0.0579999999999999
G157V,0.0291
G157T,0.0594
G157S,0.0237
G157R,0.2127
G157Q,0.0727
G157P,0.0568
G157N,0.1452
G157M,0.175
G157K,0.1122
G157I,0.0236
G157H,0.1159999999999999
G157Y,0.1716
G157E,0.0409999999999999
G157D,0.1331
G157C,0.0221
G157A,0.0804
G157L,0.0095
G157F,0.0215
D158A,0.357
D158C,0.08
D158Q,0.1654
D158G,0.2741
D158H,0.5931
D158I,0.0772
D158K,0.0888
D158L,0.0348
D158M,0.0922
D158N,0.0394
D158P,0.288
D158R,0.2479
D158S,0.0439
D158T,0.1566
D158V,0.2069
D158W,0.5716
D158Y,0.0363
D158F,0.0553
D158E,0.218
R182D,0.2594
R182V,0.1017
R182T,0.2445
R182S,0.3521
R182Q,0.5161
R182P,0.0351
R182N,0.2736
R182M,0.1044
R182L,0.0209
R182Y,0.0618
R182K,0.953
R182I,0.1986
R182H,0.4842
R182G,0.0234
R182F,0.0223
R182E,0.3258
R182C,0.0333
R182A,0.3185
R182W,0.0263
F185M,0.4921
F185C,0.2578
F185D,0.1316
F185E,0.3403
F185G,0.0223
F185H,0.3173
F185I,0.5063
F185W,0.6403
F185K,0.5264
F185Y,0.7692
F185N,0.1151
F185P,0.3331
F185Q,0.1654
F185R,0.0274
F185S,0.1167
F185L,0.2777
F185A,0.2738
F185V,0.0279999999999999
F185T,0.3795
F189D,0.0574
F189H,0.1196
F189I,0.2104
F189K,0.0762
F189L,0.087
F189M,0.1429
F189N,0.0872
F189P,0.0474
F189G,0.0273
F189R,0.0391
F189S,0.1189
F189T,0.0271
F189V,0.0794
F189W,0.3656
F189Y,0.3249
F189Q,0.0824
F189C,0.0643
F189A,0.0269
F189E,0.0638
I191T,0.1206
I191S,0.0909
I191R,0.0318
I191Q,0.1092
I191P,0.2582
I191N,0.1376
I191M,0.4733
I191L,0.6684
I191W,0.2617
I191H,0.1156
I191G,0.0325
I191F,0.0412
I191E,0.0883
I191D,0.1725
I191C,0.0549
I191A,0.1571
I191V,0.9013
I191Y,0.2733
I191K,0.0943
V193I,0.6494
V193C,0.4663
V193W,0.0819999999999999
V193T,0.113
V193S,0.023
V193R,0.0774
V193Q,0.1309
V193P,0.0811
V193N,0.0673
V193Y,0.0483
V193L,0.5427
V193M,0.0571
V193D,0.0696
V193E,0.1275
V193A,0.4815
V193G,0.1085
V193H,0.095
V193K,0.1109
V193F,0.0241
G195W,0.1161
G195V,0.0266
G195T,0.2755
G195S,0.4862
G195R,0.1457
G195Q,0.4751
G195P,0.4276
G195M,0.201
G195L,0.0997
G195I,0.0342
G195H,0.3929
G195F,0.0251
G195E,0.3336
G195Y,0.0731
G195N,0.1603
G195K,0.2967
G195D,0.1181
G195C,0.6431
G195A,0.8909999999999999
Y196Q,0.1346
Y196P,0.1382
Y196N,0.7516
Y196M,0.2234
Y196L,0.0728
Y196K,0.3096
Y196I,0.1118
Y196T,0.28
Y196G,0.1456
Y196F,0.2796
Y196E,0.1417
Y196D,0.1008
Y196C,0.6342
Y196A,0.1217
Y196R,0.1966
Y196H,0.652
Y196V,0.0795
Y196S,0.1678
Y196W,0.095
K216D,0.0201
K216Y,0.0323
K216W,0.0595
K216V,0.0257
K216T,0.1278
K216S,0.1239
K216F,0.0527
K216R,0.2283
K216P,0.0714
K216N,0.0217
K216M,0.038
K216L,0.0089
K216I,0.0258
K216H,0.1276
K216G,0.053
K216Q,0.1385
K216E,0.0877
K216A,0.0299
K216C,0.0258
G220L,0.0286
G220V,0.0128
G220T,0.048
G220S,0.0235
G220R,0.2401
G220Q,0.2066
G220P,0.0549
G220N,0.1792
G220M,0.0361
G220Y,0.0686
G220K,0.1177
G220I,0.02
G220H,0.0789
G220F,0.025
G220E,0.0585
G220D,0.0622
G220C,0.1608
G220A,0.038
G220W,0.0281
A221Y,0.0268
A221N,0.1521
A221I,0.332
A221T,0.1402
A221S,0.5323
A221R,0.0936
A221Q,0.1302
A221P,0.0904
A221M,0.0823
A221L,0.0221
A221W,0.1344
A221K,0.3388
A221G,0.488
A221F,0.0096
A221E,0.1073
A221D,0.0188
A221C,0.9415
A221H,0.2086
A221V,0.5944
I224A,0.1044
I224C,0.5956
I224D,0.2243
I224W,0.0579
I224E,0.1054
I224Y,0.1812
I224G,0.0737
I224H,0.1156
I224K,0.1113
I224L,0.4
I224M,0.3795
I224F,0.03
I224P,0.0522
I224Q,0.077
I224R,0.1852
I224S,0.0277
I224T,0.3343
I224N,0.023
I224V,0.8346
Q227F,0.0184
Q227G,0.0332
Q227H,0.2193
Q227I,0.0143
Q227K,0.1636
Q227L,0.0075
Q227M,0.0247
Q227N,0.5171
Q227T,0.2322
Q227R,0.0427
Q227S,0.0219
Q227V,0.0163
Q227W,0.0236
Q227Y,0.0199
Q227A,0.0223
Q227D,0.9657
Q227C,0.0284
Q227P,0.2275
Q227E,0.0368
L228M,0.9797
L228C,0.1717
L228A,0.0234
L228Y,0.5146
L228W,0.0067
L228V,0.0139999999999999
L228T,0.2748
L228R,0.0214
L228Q,0.0675
L228P,0.2981
L228S,0.0491
L228K,0.2024
L228I,0.5974
L228H,0.5994
L228G,0.2764
L228F,0.8079999999999999
L228E,0.0255
L228D,0.0245
L228N,0.4339
C242K,0.0864
C242D,0.052
C242E,0.212
C242F,0.068
C242G,0.057
C242H,0.0328
C242I,0.0907
C242L,0.3899
C242A,0.4894
C242N,0.0292
C242P,0.0402
C242Q,0.0797
C242R,0.0913
C242S,0.5911
C242T,0.4507
C242V,0.5447
C242M,0.1266
C242Y,0.0105
C242W,0.0287
I247E,0.1605
I247A,0.0503
I247C,0.0391
I247D,0.3168
I247F,0.0877
I247G,0.1399
I247H,0.3114
I247K,0.1409
I247L,0.6053
I247M,0.5508
I247Y,0.2995
I247P,0.1169
I247Q,0.0667
I247R,0.0332
I247S,0.0945
I247T,0.6115
I247V,0.7487
I247W,0.045
I247N,0.0377
P250I,0.2331
P250N,0.0186
P250Q,0.4216
P250M,0.0386
P250L,0.0197
P250K,0.0307
P250H,0.0268
P250Y,0.016
P250F,0.0244
P250E,0.1797
P250D,0.0648
P250C,0.0742
P250A,0.0262
P250R,0.0259
P250W,0.0344
P250G,0.0398
P250T,0.1352
P250S,0.0144
P250V,0.2252
I251A,0.0407
I251W,0.086
I251V,0.5141
I251T,0.0589
I251S,0.0535
I251R,0.1726
I251Q,0.2931
I251P,0.0936
I251N,0.0458
I251M,0.0934
I251L,0.2112
I251K,0.198
I251H,0.322
I251G,0.1313
I251F,0.0091
I251Y,0.2469
I251C,0.0171
I251D,0.3342
I251E,0.1525
V252D,0.1523
V252W,0.1098
V252T,0.094
V252S,0.2414
V252R,0.1371
V252Q,0.1963
V252P,0.1626
V252N,0.179
V252M,0.2985
V252K,0.1176
V252I,0.8472
V252H,0.1025
V252G,0.0413
V252F,0.0191
V252E,0.155
V252L,0.6142
V252C,0.5188
V252Y,0.0277
V252A,0.2879
P253S,0.1231
P253W,0.0244
P253V,0.0244
P253T,0.024
P253D,0.0734
P253C,0.0308
P253A,0.6635
P253R,0.0195
P253Q,0.1447
P253M,0.0477
P253N,0.2052
P253K,0.0572
P253I,0.0348
P253H,0.0674
P253G,0.2628
P253F,0.026
P253E,0.1203
P253Y,0.0232
P253L,0.027
G254I,0.0332
G254N,0.0239
G254K,0.0232
G254H,0.0355
G254F,0.0212
G254L,0.0187
G254M,0.0353
G254P,0.0612
G254E,0.0315
G254R,0.0235
G254S,0.018
G254T,0.087
G254V,0.0262
G254W,0.048
G254A,0.3301
G254C,0.0337
G254D,0.0286
G254Q,0.187
G254Y,0.0214
I255Y,0.3669
I255C,0.0224
I255E,0.0294
I255F,0.0171
I255G,0.062
I255H,0.2005
I255K,0.2574
I255L,0.1774
I255M,0.0831
I255A,0.0239
I255N,0.1575
I255Q,0.632
I255R,0.0269
I255S,0.0663
I255T,0.0475
I255V,0.7321
I255W,0.0871
I255P,0.0263
I255D,0.2365
I258Y,0.3461
I258V,0.6162
I258C,0.0752
I258A,0.0312
I258T,0.1988
I258S,0.0571
I258R,0.1506
I258Q,0.0294
I258P,0.287
I258N,0.1843
I258M,0.6345
I258L,0.9909
I258K,0.0714
I258H,0.2005
I258G,0.1299
I258F,0.9957
I258E,0.1116
I258D,0.2429
I258W,0.6169
P276A,0.4195
P276L,0.0379
P276D,0.2941
P276C,0.0716
P276Y,0.0264
P276W,0.1069
P276V,0.0364
P276T,0.251
P276S,0.4591
P276R,0.0636
P276N,0.1085
P276M,0.0579
P276K,0.1653
P276I,0.0325
P276H,0.0285
P276G,0.2449
P276F,0.0223
P276E,0.3601
P276Q,0.1647
N289A,0.0281
N289C,0.3016
N289D,0.2935
N289F,0.0211
N289G,0.1104
N289H,0.3663
N289I,0.0298
N289K,0.17
N289E,0.1222
N289M,0.1427
N289Y,0.2806
N289L,0.0179
N289V,0.0226
N289T,0.0301
N289W,0.0278
N289R,0.0232
N289Q,0.1026
N289S,0.0346
N289P,0.2727
D290W,0.17
D290V,0.0161
D290T,0.0777
D290S,0.337
D290R,0.0256
D290Q,0.4157
D290P,0.8632
D290L,0.0899
D290K,0.505
D290I,0.0276
D290G,0.2492
D290F,0.0067
D290E,0.9373
D290C,0.0205
D290N,0.2512
D290Y,0.0188
D290H,0.1205
D290M,0.1599
D290A,0.5051
A292D,0.0243
A292Y,0.03
A292W,0.0195
A292V,0.0453
A292T,0.0979
A292S,0.4145
A292R,0.2103
A292Q,0.1036
A292P,0.2619
A292C,0.4778
A292M,0.1172
A292L,0.1434
A292K,0.1423
A292I,0.1128
A292H,0.0813
A292G,0.0481
A292F,0.0195
A292E,0.2004
A292N,0.2035
N295D,0.6462
N295E,0.6096
N295G,0.2186
N295H,0.5297
N295I,0.3427
N295K,0.6355
N295L,0.1363
N295R,0.4084
N295P,0.2375
N295Q,0.4176
N295C,0.1092
N295S,0.657
N295T,0.4408
N295V,0.3622
N295W,0.3929999999999999
N295Y,0.4787
N295M,0.2287
N295A,0.6463
N295F,0.0313
Y296C,0.171
Y296E,0.2078
Y296F,0.8414
Y296G,0.1231
Y296H,0.5541
Y296I,0.2695
Y296K,0.1179
Y296L,0.125
Y296D,0.1592
Y296M,0.1355
Y296P,0.1779
Y296Q,0.3215
Y296R,0.088
Y296S,0.02
Y296T,0.084
Y296V,0.1271
Y296W,0.171
Y296N,0.1175
Y296A,0.5861
G297A,0.0314
G297D,0.0209
G297W,0.0894
G297V,0.0829
G297T,0.1136
G297S,0.0331
G297R,0.2875
G297Q,0.1016
G297P,0.0942
G297N,0.1773
G297M,0.1041
G297L,0.0209
G297K,0.1533
G297I,0.0432
G297H,0.248
G297F,0.3261
G297E,0.1227
G297C,0.0147
G297Y,0.0279
I298A,0.4054
I298W,0.0938
I298D,0.5557
I298E,0.331
I298F,0.0426
I298G,0.4254
I298H,0.4478
I298K,0.6392
I298L,0.2958
I298M,0.2271
I298N,0.2073
I298P,0.0695
I298Q,0.3557
I298R,0.2786
I298S,0.0313
I298T,0.4691
I298C,0.08
I298Y,0.6292
I298V,0.7935
V302E,0.1639
V302D,0.0292
V302W,0.2346
V302T,0.8496
V302S,0.2389
V302R,0.1911
V302Q,0.2363
V302P,0.0223
V302Y,0.4807
V302N,0.2649
V302L,0.0981
V302K,0.0891
V302I,0.4728
V302H,0.0698
V302G,0.038
V302F,0.5108
V302M,0.0221
V302C,0.3703
V302A,0.9716
L304A,0.6253
L304D,0.5
L304E,0.1526
L304F,0.3871
L304G,0.2116
L304H,0.1476
L304I,0.1032
L304C,0.3239
L304K,0.1728
L304N,0.1525
L304P,0.3113
L304Q,0.1509
L304R,0.0426
L304S,0.1857
L304T,0.6775
L304M,0.4305
L304V,0.3304
L304W,0.1373
L304Y,0.1612
C305E,0.7271
C305V,0.15
C305T,0.2884
C305S,0.31
C305R,0.1159999999999999
C305Q,0.5083
C305P,0.0896
C305N,0.2648
C305M,0.4072
C305L,0.0872
C305K,0.5446
C305I,0.4934
C305H,0.142
C305G,0.0989
C305F,0.0181
C305W,0.0427
C305Y,0.0325
C305D,0.4746
C305A,0.3617
L308Q,0.1407
L308S,0.0675
L308T,0.1545
L308M,0.7482
L308W,0.1777
L308P,0.1388
L308Y,0.1658
L308V,0.0664
L308N,0.2809
L308R,0.0483
L308I,0.2885
L308K,0.3289
L308C,0.0219
L308D,0.4973
L308E,0.2707
L308A,0.1164
L308G,0.0814
L308H,0.077
L308F,0.0215
L309V,0.2441
L309A,0.1772
L309C,0.2086
L309D,0.0533
L309E,0.1199
L309F,0.2473
L309G,0.0557
L309H,0.0782
L309I,0.1809
L309M,0.2874
L309W,0.0864
L309P,0.1444
L309Q,0.185
L309R,0.11
L309S,0.1145
L309T,0.0649
L309K,0.2798
L309N,0.2854
L309Y,0.2374
S311W,0.0335
S311Y,0.0913
S311A,0.6818
S311C,0.0429
S311D,0.2423
S311E,0.4446
S311F,0.1492
S311G,0.3746
S311H,0.4434
S311I,0.109
S311Q,0.3316
S311L,0.0255
S311M,0.2388
S311N,0.515
S311P,0.2599
S311V,0.0281
S311R,0.0351
S311T,0.5849
S311K,0.1258
V314Y,0.4136
V314W,0.7751
V314T,0.3856
V314S,0.2217
V314R,0.062
V314Q,0.1382
V314P,0.8061
V314N,0.4151
V314K,0.3359
V314L,0.0193
V314I,0.0879
V314H,0.5215
V314G,0.223
V314F,0.0191
V314E,0.3277
V314A,0.2205
V314C,0.2214
V314M,0.0147
V314D,0.1998
P315A,0.3144
P315D,0.1552
P315Y,0.0228
P315W,0.0317
P315V,0.2893
P315T,0.0439
P315C,0.0309
P315R,0.3953
P315Q,0.0297
P315N,0.113
P315S,0.065
P315L,0.034
P315K,0.2756
P315I,0.392
P315H,0.136
P315G,0.4764
P315F,0.0468
P315E,0.0883
P315M,0.2853
G316I,0.3154
G316A,0.0262
G316C,0.0145
G316D,0.0217
G316E,0.1374
G316F,0.048
G316H,0.0999
G316K,0.3463
G316V,0.0234
G316M,0.0234
G316L,0.0169
G316Y,0.4548
G316T,0.0355
G316S,0.0193
G316W,0.034
G316Q,0.1161
G316N,0.1349
G316P,0.1275
G316R,0.2983
H318A,0.1809
H318C,0.1787
H318D,0.2577
H318E,0.4671
H318F,0.1892
H318G,0.0273
H318I,0.1063
H318K,0.0952
H318M,0.244
H318P,0.2907
H318Q,0.1491
H318R,0.1168
H318S,0.0183
H318T,0.2113
H318V,0.0676
H318L,0.0831
H318N,0.0177
H318Y,0.0262
H318W,0.0268
F319K,0.1262
F319T,0.1502
F319S,0.3287
F319R,0.2852
F319Q,0.1246
F319P,0.0265
F319N,0.1182
F319M,0.5501
F319L,0.094
F319C,0.2208
F319I,0.1019
F319H,0.4054
F319G,0.0257
F319E,0.1244
F319D,0.034
F319W,0.4355
F319Y,0.0348
F319V,0.0186
F319A,0.0275
Y320C,0.016
Y320W,0.1068
Y320V,0.1365
Y320T,0.3087
Y320S,0.0199
Y320D,0.1019
Y320Q,0.1948
Y320P,0.1079
Y320N,0.0356
Y320R,0.0249
Y320L,0.0111
Y320M,0.1047
Y320E,0.068
Y320F,0.4908
Y320A,0.0161
Y320H,0.0743
Y320I,0.013
Y320K,0.1046
Y320G,0.0411
V331M,0.1629
V331Y,0.5098
V331W,0.1128
V331T,0.3038
V331S,0.3134
V331R,0.368
V331P,0.5842
V331N,0.185
V331L,0.7408
V331Q,0.4156
V331I,0.629
V331K,0.2116
V331C,0.5416
V331D,0.2082
V331E,0.2523
V331A,0.5297
V331G,0.0988
V331H,0.0997
V331F,0.0353
R334Y,0.3514
R334P,0.1991
R334W,0.5421
R334V,0.2444
R334T,0.4314
R334S,0.0351
R334Q,0.6188
R334A,0.535
R334C,0.0214
R334L,0.0179
R334D,0.1669
R334M,0.4041
R334E,0.6452
R334F,0.0336
R334N,0.5922
R334H,0.0412
R334I,0.4785
R334K,0.6796
R334G,0.3293
L335D,0.1856
L335E,0.2413
L335F,0.0369
L335G,0.3522
L335H,0.3185
L335K,0.2195
L335M,0.0305
L335N,0.1315
L335I,0.8317
L335Q,0.0513
L335A,0.4362
L335P,0.0221
L335Y,0.1938
L335W,0.1041
L335C,0.294
L335T,0.3564
L335S,0.2044
L335R,0.1327
L335V,0.322
G336A,0.6007
G336C,0.1474
G336D,0.1497
G336E,0.0173
G336F,0.0846
G336H,0.1181
G336I,0.134
G336K,0.2084
G336L,0.537
G336P,0.1795
G336N,0.5252
G336M,0.2273
G336Y,0.19
G336W,0.0084
G336S,0.1735
G336T,0.2111
G336R,0.0171
G336Q,0.4842
G336V,0.0157
P347Y,0.5151
P347W,0.5127
P347V,0.2579
P347T,0.4453
P347S,0.3653
P347R,0.9232
P347Q,0.6283
P347N,0.5211
P347L,0.4523
P347K,0.3661
P347I,0.3784
P347G,0.3237
P347F,0.7866
P347E,0.3894
P347D,0.3876
P347C,0.1837
P347A,0.4611
P347M,0.2412
P347H,0.1512
